{
"lengthUnit": "mil",
"remark": [],
"components": {
	"fields": ["COMPONENT_NO", "COMPONENT_NAME", "LAYER", "X_COORDINATE", "Y_COORDINATE", "ANGLE"],
	"rows": [
		[1, "L1", "T", 2020, -1890, 0],
		[2, "LED", "B", 1865, -2145, 180],
		[3, "R2", "B", 1410, -2010, 180],
		[4, "R3", "B", 1315, -1940, 180],
		[5, "R4", "B", 1585, -2095, 180],
		[6, "U1", "B", 1650, -1910, 270],
		[7, "U2", "B", 1915, -1385, 180],
		[8, "U3", "B", 2450, -1865, 180],
		[9, "U5", "B", 2155, -2130, 180],
		[10, "U6", "B", 2685, -1200, 180],
		[11, "PAD1", "T", 1924.05, -2145, 0],
		[12, "PAD1", "B", 1924.05, -2145, 0],
		[13, "PAD2", "T", 1865.05, -2145, 0],
		[14, "PAD2", "B", 1865.05, -2145, 0],
		[15, "PAD3", "T", 1805.95, -2145, 0],
		[16, "PAD3", "B", 1805.95, -2145, 0],
		[17, "PAD4", "B", 1370.63, -2010, 0],
		[18, "PAD5", "B", 1449.37, -2010, 0],
		[19, "PAD6", "B", 1275.63, -1940, 0],
		[20, "PAD7", "B", 1354.37, -1940, 0],
		[21, "PAD8", "B", 1545.63, -2095, 0],
		[22, "PAD9", "B", 1624.37, -2095, 0],
		[23, "PAD10", "B", 1746.46, -1935, 0],
		[24, "PAD11", "B", 1746.46, -1985, 0],
		[25, "PAD12", "B", 1746.46, -1885, 0],
		[26, "PAD13", "B", 1746.46, -1835, 0],
		[27, "PAD14", "B", 1553.54, -1985, 0],
		[28, "PAD15", "B", 1553.54, -1935, 0],
		[29, "PAD16", "B", 1553.54, -1835, 0],
		[30, "PAD17", "T", 1515, -1685, 0],
		[31, "PAD17", "B", 1515, -1685, 0],
		[32, "PAD18", "T", 1915, -1685, 0],
		[33, "PAD18", "B", 1915, -1685, 0],
		[34, "PAD19", "T", 1615, -1085, 0],
		[35, "PAD19", "B", 1615, -1085, 0],
		[36, "PAD20", "T", 1715, -1085, 0],
		[37, "PAD20", "B", 1715, -1085, 0],
		[38, "PAD21", "T", 1815, -1685, 0],
		[39, "PAD21", "B", 1815, -1685, 0],
		[40, "PAD22", "T", 1215, -1685, 0],
		[41, "PAD22", "B", 1215, -1685, 0],
		[42, "PAD23", "B", 2333.073, -1955.55, 0],
		[43, "PAD24", "B", 2333.073, -1865, 0],
		[44, "PAD25", "B", 2333.073, -1774.45, 0],
		[45, "PAD26", "B", 2566.928, -1865, 0],
		[46, "PAD27", "T", 1978.66, -1960.865, 0],
		[47, "PAD27", "B", 1978.66, -1960.865, 0],
		[48, "PAD28", "T", 2061.34, -1819.135, 0],
		[49, "PAD28", "B", 2061.34, -1819.135, 0],
		[50, "PAD29", "T", 2194.37, -2130, 0],
		[51, "PAD29", "B", 2194.37, -2130, 0],
		[52, "PAD30", "T", 2115.63, -2130, 0],
		[53, "PAD30", "B", 2115.63, -2130, 0],
		[54, "PAD31", "T", 1447.0497, -853.4654, 0],
		[55, "PAD31", "B", 1447.0497, -853.4654, 0],
		[56, "PAD32", "T", 1447.0497, -502.2843, 0],
		[57, "PAD32", "B", 1447.0497, -502.2843, 0]
	]
},
"pins": {
	"fields": ["PIN_NO", "PIN_NAME", "PIN_X", "PIN_Y", "LAYER", "PIN_TYPE", "NET_NAME", "NET_TYPE", "PAD_SHAPE", "PAD_SIZEX", "PAD_SIZEY", "HOLE_SIZE", "HOLE_LEN", "PAD_ANGLE"],
	"rows": [
		[1, "L1_1", 1978.66, -1960.865, "T", "DIP", "$1N1975", "", "C", 59.055, 59.055, 35.434, 37.206, 180],
		[2, "L1_1", 1978.66, -1960.865, "B", "DIP", "$1N1975", "", "C", 59.055, 59.055, 35.434, 37.206, 180],
		[3, "L1_2", 2061.34, -1819.135, "T", "DIP", "$1N1983", "", "C", 59.055, 59.055, 35.434, 37.206, 180],
		[4, "L1_2", 2061.34, -1819.135, "B", "DIP", "$1N1983", "", "C", 59.055, 59.055, 35.434, 37.206, 180],
		[5, "LED_1", 1924.05, -2145, "T", "DIP", "GND", "GND", "C", 47.24, 47.24, 31.496, 31.496, 0],
		[6, "LED_1", 1924.05, -2145, "B", "DIP", "GND", "GND", "C", 47.24, 47.24, 31.496, 31.496, 0],
		[7, "LED_2", 1865.05, -2145, "T", "DIP", "$1N1654", "", "C", 47.24, 47.24, 31.496, 31.496, 0],
		[8, "LED_2", 1865.05, -2145, "B", "DIP", "$1N1654", "", "C", 47.24, 47.24, 31.496, 31.496, 0],
		[9, "LED_3", 1805.95, -2145, "T", "DIP", "5", "", "C", 47.24, 47.24, 31.496, 31.496, 0],
		[10, "LED_3", 1805.95, -2145, "B", "DIP", "5", "", "C", 47.24, 47.24, 31.496, 31.496, 0],
		[11, "R2_1", 1449.37, -2010, "B", "SMD", "SDA", "", "R", 44.588, 54.213, 0, 0, 180],
		[12, "R2_2", 1370.63, -2010, "B", "SMD", "$1N1502", "", "R", 44.588, 54.213, 0, 0, 180],
		[13, "R3_1", 1354.37, -1940, "B", "SMD", "$1N1654", "", "R", 44.588, 54.213, 0, 0, 180],
		[14, "R3_2", 1275.63, -1940, "B", "SMD", "DIN", "", "R", 44.588, 54.213, 0, 0, 180],
		[15, "R4_1", 1624.37, -2095, "B", "SMD", "SCL", "", "R", 44.588, 54.213, 0, 0, 180],
		[16, "R4_2", 1545.63, -2095, "B", "SMD", "$1N1647", "", "R", 44.588, 54.213, 0, 0, 180],
		[17, "U1_1", 1746.46, -1835, "B", "SMD", "$1N1975", "", "R", 23.622, 70.866, 0, 0, 270],
		[18, "U1_2", 1746.46, -1885, "B", "SMD", "3.3", "", "R", 23.622, 70.866, 0, 0, 270],
		[19, "U1_3", 1746.46, -1935, "B", "SMD", "SCL", "", "R", 23.622, 70.866, 0, 0, 270],
		[20, "U1_4", 1746.46, -1985, "B", "SMD", "SCL", "", "R", 23.622, 70.866, 0, 0, 270],
		[21, "U1_5", 1553.54, -1985, "B", "SMD", "SDA", "", "R", 23.622, 70.866, 0, 0, 90],
		[22, "U1_6", 1553.54, -1935, "B", "SMD", "SDA", "", "R", 23.622, 70.866, 0, 0, 90],
		[23, "U1_7", 1553.54, -1885, "B", "SMD", "NET_1", "", "R", 23.622, 70.866, 0, 0, 90],
		[24, "U1_8", 1553.54, -1835, "B", "SMD", "$1N1983", "", "R", 23.622, 70.866, 0, 0, 90],
		[25, "U2_1", 1215, -1085, "T", "DIP", "NET_2", "", "R", 62.992, 62.992, 35.434, 35.434, 180],
		[26, "U2_1", 1215, -1085, "B", "DIP", "NET_2", "", "R", 62.992, 62.992, 35.434, 35.434, 180],
		[27, "U2_2", 1315, -1085, "T", "DIP", "NET_3", "", "C", 62.992, 62.992, 35.434, 35.434, 180],
		[28, "U2_2", 1315, -1085, "B", "DIP", "NET_3", "", "C", 62.992, 62.992, 35.434, 35.434, 180],
		[29, "U2_3", 1415, -1085, "T", "DIP", "NET_4", "", "C", 62.992, 62.992, 35.434, 35.434, 180],
		[30, "U2_3", 1415, -1085, "B", "DIP", "NET_4", "", "C", 62.992, 62.992, 35.434, 35.434, 180],
		[31, "U2_4", 1515, -1085, "T", "DIP", "NET_5", "", "C", 62.992, 62.992, 35.434, 35.434, 180],
		[32, "U2_4", 1515, -1085, "B", "DIP", "NET_5", "", "C", 62.992, 62.992, 35.434, 35.434, 180],
		[33, "U2_5", 1615, -1085, "T", "DIP", "SCL", "", "C", 62.992, 62.992, 35.434, 35.434, 180],
		[34, "U2_5", 1615, -1085, "B", "DIP", "SCL", "", "C", 62.992, 62.992, 35.434, 35.434, 180],
		[35, "U2_6", 1715, -1085, "T", "DIP", "DIN", "", "C", 62.992, 62.992, 35.434, 35.434, 180],
		[36, "U2_6", 1715, -1085, "B", "DIP", "DIN", "", "C", 62.992, 62.992, 35.434, 35.434, 180],
		[37, "U2_7", 1815, -1085, "T", "DIP", "NET_6", "", "C", 62.992, 62.992, 35.434, 35.434, 180],
		[38, "U2_7", 1815, -1085, "B", "DIP", "NET_6", "", "C", 62.992, 62.992, 35.434, 35.434, 180],
		[39, "U2_8", 1915, -1085, "T", "DIP", "NET_7", "", "C", 62.992, 62.992, 35.434, 35.434, 180],
		[40, "U2_8", 1915, -1085, "B", "DIP", "NET_7", "", "C", 62.992, 62.992, 35.434, 35.434, 180],
		[41, "U2_9", 2015, -1085, "T", "DIP", "NET_8", "", "C", 62.992, 62.992, 35.434, 35.434, 180],
		[42, "U2_9", 2015, -1085, "B", "DIP", "NET_8", "", "C", 62.992, 62.992, 35.434, 35.434, 180],
		[43, "U2_10", 2115, -1085, "T", "DIP", "NET_9", "", "C", 62.992, 62.992, 35.434, 35.434, 180],
		[44, "U2_10", 2115, -1085, "B", "DIP", "NET_9", "", "C", 62.992, 62.992, 35.434, 35.434, 180],
		[45, "U2_11", 2215, -1085, "T", "DIP", "NET_10", "", "C", 62.992, 62.992, 35.434, 35.434, 180],
		[46, "U2_11", 2215, -1085, "B", "DIP", "NET_10", "", "C", 62.992, 62.992, 35.434, 35.434, 180],
		[47, "U2_12", 2315, -1085, "T", "DIP", "NET_11", "", "C", 62.992, 62.992, 35.434, 35.434, 180],
		[48, "U2_12", 2315, -1085, "B", "DIP", "NET_11", "", "C", 62.992, 62.992, 35.434, 35.434, 180],
		[49, "U2_13", 2415, -1085, "T", "DIP", "NET_12", "", "C", 62.992, 62.992, 35.434, 35.434, 180],
		[50, "U2_13", 2415, -1085, "B", "DIP", "NET_12", "", "C", 62.992, 62.992, 35.434, 35.434, 180],
		[51, "U2_14", 2515, -1085, "T", "DIP", "NET_13", "", "C", 62.992, 62.992, 35.434, 35.434, 180],
		[52, "U2_14", 2515, -1085, "B", "DIP", "NET_13", "", "C", 62.992, 62.992, 35.434, 35.434, 180],
		[53, "U2_15", 2615, -1085, "T", "DIP", "NET_14", "", "C", 62.992, 62.992, 35.434, 35.434, 180],
		[54, "U2_15", 2615, -1085, "B", "DIP", "NET_14", "", "C", 62.992, 62.992, 35.434, 35.434, 180],
		[55, "U2_16", 2615, -1685, "T", "DIP", "NET_15", "", "C", 62.992, 62.992, 35.434, 35.434, 180],
		[56, "U2_16", 2615, -1685, "B", "DIP", "NET_15", "", "C", 62.992, 62.992, 35.434, 35.434, 180],
		[57, "U2_17", 2515, -1685, "T", "DIP", "NET_16", "", "C", 62.992, 62.992, 35.434, 35.434, 180],
		[58, "U2_17", 2515, -1685, "B", "DIP", "NET_16", "", "C", 62.992, 62.992, 35.434, 35.434, 180],
		[59, "U2_18", 2415, -1685, "T", "DIP", "NET_17", "", "C", 62.992, 62.992, 35.434, 35.434, 180],
		[60, "U2_18", 2415, -1685, "B", "DIP", "NET_17", "", "C", 62.992, 62.992, 35.434, 35.434, 180],
		[61, "U2_19", 2315, -1685, "T", "DIP", "NET_18", "", "C", 62.992, 62.992, 35.434, 35.434, 180],
		[62, "U2_19", 2315, -1685, "B", "DIP", "NET_18", "", "C", 62.992, 62.992, 35.434, 35.434, 180],
		[63, "U2_20", 2215, -1685, "T", "DIP", "NET_19", "", "C", 62.992, 62.992, 35.434, 35.434, 180],
		[64, "U2_20", 2215, -1685, "B", "DIP", "NET_19", "", "C", 62.992, 62.992, 35.434, 35.434, 180],
		[65, "U2_21", 2115, -1685, "T", "DIP", "NET_20", "", "C", 62.992, 62.992, 35.434, 35.434, 180],
		[66, "U2_21", 2115, -1685, "B", "DIP", "NET_20", "", "C", 62.992, 62.992, 35.434, 35.434, 180],
		[67, "U2_22", 2015, -1685, "T", "DIP", "NET_21", "", "C", 62.992, 62.992, 35.434, 35.434, 180],
		[68, "U2_22", 2015, -1685, "B", "DIP", "NET_21", "", "C", 62.992, 62.992, 35.434, 35.434, 180],
		[69, "U2_23", 1915, -1685, "T", "DIP", "SDA", "", "C", 62.992, 62.992, 35.434, 35.434, 180],
		[70, "U2_23", 1915, -1685, "B", "DIP", "SDA", "", "C", 62.992, 62.992, 35.434, 35.434, 180],
		[71, "U2_24", 1815, -1685, "T", "DIP", "SCL", "", "C", 62.992, 62.992, 35.434, 35.434, 180],
		[72, "U2_24", 1815, -1685, "B", "DIP", "SCL", "", "C", 62.992, 62.992, 35.434, 35.434, 180],
		[73, "U2_25", 1715, -1685, "T", "DIP", "NET_22", "", "C", 62.992, 62.992, 35.434, 35.434, 180],
		[74, "U2_25", 1715, -1685, "B", "DIP", "NET_22", "", "C", 62.992, 62.992, 35.434, 35.434, 180],
		[75, "U2_26", 1615, -1685, "T", "DIP", "NET_23", "", "C", 62.992, 62.992, 35.434, 35.434, 180],
		[76, "U2_26", 1615, -1685, "B", "DIP", "NET_23", "", "C", 62.992, 62.992, 35.434, 35.434, 180],
		[77, "U2_27", 1515, -1685, "T", "DIP", "$1N1297", "", "C", 62.992, 62.992, 35.434, 35.434, 180],
		[78, "U2_27", 1515, -1685, "B", "DIP", "$1N1297", "", "C", 62.992, 62.992, 35.434, 35.434, 180],
		[79, "U2_28", 1415, -1685, "T", "DIP", "NET_24", "", "C", 62.992, 62.992, 35.434, 35.434, 180],
		[80, "U2_28", 1415, -1685, "B", "DIP", "NET_24", "", "C", 62.992, 62.992, 35.434, 35.434, 180],
		[81, "U2_29", 1315, -1685, "T", "DIP", "NET_25", "", "C", 62.992, 62.992, 35.434, 35.434, 180],
		[82, "U2_29", 1315, -1685, "B", "DIP", "NET_25", "", "C", 62.992, 62.992, 35.434, 35.434, 180],
		[83, "U2_30", 1215, -1685, "T", "DIP", "5", "", "R", 62.992, 62.992, 35.434, 35.434, 180],
		[84, "U2_30", 1215, -1685, "B", "DIP", "5", "", "R", 62.992, 62.992, 35.434, 35.434, 180],
		[85, "U3_1", 2333.073, -1955.55, "B", "SMD", "GND", "GND", "R", 98.425, 43.307, 0, 0, 180],
		[86, "U3_2", 2333.073, -1865, "B", "SMD", "$1N1502", "", "R", 98.425, 43.307, 0, 0, 180],
		[87, "U3_3", 2333.073, -1774.45, "B", "SMD", "3.3", "", "R", 98.425, 43.307, 0, 0, 180],
		[88, "U3_4", 2566.928, -1865, "B", "SMD", "$1N1647", "", "R", 92.126, 141.732, 0, 0, 180],
		[89, "U5_1", 2194.37, -2130, "T", "DIP", "GND", "GND", "R", 62.992, 62.992, 43.308, 43.308, 180],
		[90, "U5_1", 2194.37, -2130, "B", "DIP", "GND", "GND", "R", 62.992, 62.992, 43.308, 43.308, 180],
		[91, "U5_2", 2115.63, -2130, "T", "DIP", "5", "", "C", 62.992, 62.992, 43.308, 43.308, 180],
		[92, "U5_2", 2115.63, -2130, "B", "DIP", "5", "", "C", 62.992, 62.992, 43.308, 43.308, 180],
		[93, "U6_1", 2395.04, -412.2843, "T", "DIP", "NET_26", "", "R", 60, 60, 36, 36, 180],
		[94, "U6_1", 2395.04, -412.2843, "B", "DIP", "NET_26", "", "R", 60, 60, 36, 36, 180],
		[95, "U6_2", 2395.04, -963.4654, "T", "DIP", "NET_27", "", "R", 60, 60, 36, 36, 180],
		[96, "U6_2", 2395.04, -963.4654, "B", "DIP", "NET_27", "", "R", 60, 60, 36, 36, 180],
		[97, "U6_3", 1447.0497, -502.2843, "T", "DIP", "GND", "GND", "R", 60, 60, 36, 36, 180],
		[98, "U6_3", 1447.0497, -502.2843, "B", "DIP", "GND", "GND", "R", 60, 60, 36, 36, 180],
		[99, "U6_4", 1447.0497, -853.4654, "T", "DIP", "5", "", "R", 60, 60, 36, 36, 180],
		[100, "U6_4", 1447.0497, -853.4654, "B", "DIP", "5", "", "R", 60, 60, 36, 36, 180],
		[101, "U6_5", 1447.0104, -952.8745, "T", "DIP", "NET_28", "", "R", 60, 60, 36, 36, 180],
		[102, "U6_5", 1447.0104, -952.8745, "B", "DIP", "NET_28", "", "R", 60, 60, 36, 36, 180],
		[103, "U6_6", 1447.0497, -413.6236, "T", "DIP", "NET_29", "", "R", 60, 60, 36, 36, 180],
		[104, "U6_6", 1447.0497, -413.6236, "B", "DIP", "NET_29", "", "R", 60, 60, 36, 36, 180],
		[105, "PAD1_1", 1924.05, -2145, "T", "DIP", "GND", "GND", "C", 47.24, 47.24, 31.496, 31.496, 0],
		[106, "PAD1_1", 1924.05, -2145, "B", "DIP", "GND", "GND", "C", 47.24, 47.24, 31.496, 31.496, 0],
		[107, "PAD2_2", 1865.05, -2145, "T", "DIP", "$1N1654", "", "C", 47.24, 47.24, 31.496, 31.496, 0],
		[108, "PAD2_2", 1865.05, -2145, "B", "DIP", "$1N1654", "", "C", 47.24, 47.24, 31.496, 31.496, 0],
		[109, "PAD3_3", 1805.95, -2145, "T", "DIP", "5", "", "C", 47.24, 47.24, 31.496, 31.496, 0],
		[110, "PAD3_3", 1805.95, -2145, "B", "DIP", "5", "", "C", 47.24, 47.24, 31.496, 31.496, 0],
		[111, "PAD4_2", 1370.63, -2010, "B", "SMD", "$1N1502", "", "R", 44.588, 54.213, 0, 0, 180],
		[112, "PAD5_1", 1449.37, -2010, "B", "SMD", "SDA", "", "R", 44.588, 54.213, 0, 0, 180],
		[113, "PAD6_2", 1275.63, -1940, "B", "SMD", "DIN", "", "R", 44.588, 54.213, 0, 0, 180],
		[114, "PAD7_1", 1354.37, -1940, "B", "SMD", "$1N1654", "", "R", 44.588, 54.213, 0, 0, 180],
		[115, "PAD8_2", 1545.63, -2095, "B", "SMD", "$1N1647", "", "R", 44.588, 54.213, 0, 0, 180],
		[116, "PAD9_1", 1624.37, -2095, "B", "SMD", "SCL", "", "R", 44.588, 54.213, 0, 0, 180],
		[117, "PAD10_3", 1746.46, -1935, "B", "SMD", "SCL", "", "R", 23.622, 70.866, 0, 0, 270],
		[118, "PAD11_4", 1746.46, -1985, "B", "SMD", "SCL", "", "R", 23.622, 70.866, 0, 0, 270],
		[119, "PAD12_2", 1746.46, -1885, "B", "SMD", "3.3", "", "R", 23.622, 70.866, 0, 0, 270],
		[120, "PAD13_1", 1746.46, -1835, "B", "SMD", "$1N1975", "", "R", 23.622, 70.866, 0, 0, 270],
		[121, "PAD14_5", 1553.54, -1985, "B", "SMD", "SDA", "", "R", 23.622, 70.866, 0, 0, 90],
		[122, "PAD15_6", 1553.54, -1935, "B", "SMD", "SDA", "", "R", 23.622, 70.866, 0, 0, 90],
		[123, "PAD16_8", 1553.54, -1835, "B", "SMD", "$1N1983", "", "R", 23.622, 70.866, 0, 0, 90],
		[124, "PAD17_27", 1515, -1685, "T", "DIP", "$1N1297", "", "C", 62.992, 62.992, 35.434, 35.434, 180],
		[125, "PAD17_27", 1515, -1685, "B", "DIP", "$1N1297", "", "C", 62.992, 62.992, 35.434, 35.434, 180],
		[126, "PAD18_23", 1915, -1685, "T", "DIP", "SDA", "", "C", 62.992, 62.992, 35.434, 35.434, 180],
		[127, "PAD18_23", 1915, -1685, "B", "DIP", "SDA", "", "C", 62.992, 62.992, 35.434, 35.434, 180],
		[128, "PAD19_5", 1615, -1085, "T", "DIP", "SCL", "", "C", 62.992, 62.992, 35.434, 35.434, 180],
		[129, "PAD19_5", 1615, -1085, "B", "DIP", "SCL", "", "C", 62.992, 62.992, 35.434, 35.434, 180],
		[130, "PAD20_6", 1715, -1085, "T", "DIP", "DIN", "", "C", 62.992, 62.992, 35.434, 35.434, 180],
		[131, "PAD20_6", 1715, -1085, "B", "DIP", "DIN", "", "C", 62.992, 62.992, 35.434, 35.434, 180],
		[132, "PAD21_24", 1815, -1685, "T", "DIP", "SCL", "", "C", 62.992, 62.992, 35.434, 35.434, 180],
		[133, "PAD21_24", 1815, -1685, "B", "DIP", "SCL", "", "C", 62.992, 62.992, 35.434, 35.434, 180],
		[134, "PAD22_30", 1215, -1685, "T", "DIP", "5", "", "R", 62.992, 62.992, 35.434, 35.434, 180],
		[135, "PAD22_30", 1215, -1685, "B", "DIP", "5", "", "R", 62.992, 62.992, 35.434, 35.434, 180],
		[136, "PAD23_1", 2333.073, -1955.55, "B", "SMD", "GND", "GND", "R", 98.425, 43.307, 0, 0, 180],
		[137, "PAD24_2", 2333.073, -1865, "B", "SMD", "$1N1502", "", "R", 98.425, 43.307, 0, 0, 180],
		[138, "PAD25_3", 2333.073, -1774.45, "B", "SMD", "3.3", "", "R", 98.425, 43.307, 0, 0, 180],
		[139, "PAD26_4", 2566.928, -1865, "B", "SMD", "$1N1647", "", "R", 92.126, 141.732, 0, 0, 180],
		[140, "PAD27_1", 1978.66, -1960.865, "T", "DIP", "$1N1975", "", "C", 59.055, 59.055, 35.434, 37.206, 180],
		[141, "PAD27_1", 1978.66, -1960.865, "B", "DIP", "$1N1975", "", "C", 59.055, 59.055, 35.434, 37.206, 180],
		[142, "PAD28_2", 2061.34, -1819.135, "T", "DIP", "$1N1983", "", "C", 59.055, 59.055, 35.434, 37.206, 180],
		[143, "PAD28_2", 2061.34, -1819.135, "B", "DIP", "$1N1983", "", "C", 59.055, 59.055, 35.434, 37.206, 180],
		[144, "PAD29_1", 2194.37, -2130, "T", "DIP", "GND", "GND", "R", 62.992, 62.992, 43.308, 43.308, 180],
		[145, "PAD29_1", 2194.37, -2130, "B", "DIP", "GND", "GND", "R", 62.992, 62.992, 43.308, 43.308, 180],
		[146, "PAD30_2", 2115.63, -2130, "T", "DIP", "5", "", "C", 62.992, 62.992, 43.308, 43.308, 180],
		[147, "PAD30_2", 2115.63, -2130, "B", "DIP", "5", "", "C", 62.992, 62.992, 43.308, 43.308, 180],
		[148, "PAD31_4", 1447.0497, -853.4654, "T", "DIP", "5", "", "R", 60, 60, 36, 36, 180],
		[149, "PAD31_4", 1447.0497, -853.4654, "B", "DIP", "5", "", "R", 60, 60, 36, 36, 180],
		[150, "PAD32_3", 1447.0497, -502.2843, "T", "DIP", "GND", "GND", "R", 60, 60, 36, 36, 180],
		[151, "PAD32_3", 1447.0497, -502.2843, "B", "DIP", "GND", "GND", "R", 60, 60, 36, 36, 180]
	]
}
}