{
"lengthUnit": "mil",
"remark": [],
"components": {
	"fields": ["COMPONENT_NO", "COMPONENT_NAME", "LAYER", "X_COORDINATE", "Y_COORDINATE", "ANGLE"],
	"rows": [
		[1, "CN1", "B", 1865, -2100, 180],
		[2, "L1", "T", 1915, -585, 0],
		[3, "R2", "B", 1280, -1870, 180],
		[4, "R3", "B", 1230, -1705, 180],
		[5, "R4", "B", 1460, -1690, 180],
		[6, "U1", "B", 1670, -1800, 270],
		[7, "U2", "B", 1965, -1260, 180],
		[8, "U3", "B", 2520, -1775, 180],
		[9, "U4", "B", 2160.59, -1795, 0],
		[10, "U5", "B", 2145.2742, -2090.4873, 180],
		[11, "PAD1", "T", 1924.05, -2100, 0],
		[12, "PAD1", "B", 1924.05, -2100, 0],
		[13, "PAD2", "T", 1865.05, -2100, 0],
		[14, "PAD2", "B", 1865.05, -2100, 0],
		[15, "PAD3", "T", 1805.95, -2100, 0],
		[16, "PAD3", "B", 1805.95, -2100, 0],
		[17, "PAD4", "B", 1240.63, -1870, 0],
		[18, "PAD5", "B", 1319.37, -1870, 0],
		[19, "PAD6", "B", 1190.63, -1705, 0],
		[20, "PAD7", "B", 1269.37, -1705, 0],
		[21, "PAD8", "B", 1420.63, -1690, 0],
		[22, "PAD9", "B", 1499.37, -1690, 0],
		[23, "PAD10", "B", 1766.46, -1825, 0],
		[24, "PAD11", "B", 1766.46, -1875, 0],
		[25, "PAD12", "B", 1766.46, -1775, 0],
		[26, "PAD13", "B", 1766.46, -1725, 0],
		[27, "PAD14", "B", 1573.54, -1875, 0],
		[28, "PAD15", "B", 1573.54, -1825, 0],
		[29, "PAD16", "B", 1573.54, -1725, 0],
		[30, "PAD17", "T", 1565, -1560, 0],
		[31, "PAD17", "B", 1565, -1560, 0],
		[32, "PAD18", "T", 1965, -1560, 0],
		[33, "PAD18", "B", 1965, -1560, 0],
		[34, "PAD19", "T", 1665, -960, 0],
		[35, "PAD19", "B", 1665, -960, 0],
		[36, "PAD20", "T", 1765, -960, 0],
		[37, "PAD20", "B", 1765, -960, 0],
		[38, "PAD21", "T", 1865, -1560, 0],
		[39, "PAD21", "B", 1865, -1560, 0],
		[40, "PAD22", "T", 1265, -1560, 0],
		[41, "PAD22", "B", 1265, -1560, 0],
		[42, "PAD23", "B", 2403.073, -1865.55, 0],
		[43, "PAD24", "B", 2403.073, -1775, 0],
		[44, "PAD25", "B", 2403.073, -1684.45, 0],
		[45, "PAD26", "B", 2636.928, -1775, 0],
		[46, "PAD27", "B", 2185.59, -1680.5, 0],
		[47, "PAD28", "B", 2235.59, -1680.5, 0],
		[48, "PAD29", "B", 2235.59, -1909.5, 0],
		[49, "PAD30", "T", 1873.66, -655.865, 0],
		[50, "PAD30", "B", 1873.66, -655.865, 0],
		[51, "PAD31", "T", 1956.34, -514.135, 0],
		[52, "PAD31", "B", 1956.34, -514.135, 0],
		[53, "PAD32", "T", 2184.6442, -2090.4873, 0],
		[54, "PAD32", "B", 2184.6442, -2090.4873, 0],
		[55, "PAD33", "T", 2105.9042, -2090.4873, 0],
		[56, "PAD33", "B", 2105.9042, -2090.4873, 0]
	]
},
"pins": {
	"fields": ["PIN_NO", "PIN_NAME", "PIN_X", "PIN_Y", "LAYER", "PIN_TYPE", "NET_NAME", "NET_TYPE", "PAD_SHAPE", "PAD_SIZEX", "PAD_SIZEY", "HOLE_SIZE", "HOLE_LEN", "PAD_ANGLE"],
	"rows": [
		[1, "CN1_1", 1924.05, -2100, "T", "DIP", "GND", "GND", "C", 47.24, 47.24, 31.496, 31.496, 0],
		[2, "CN1_1", 1924.05, -2100, "B", "DIP", "GND", "GND", "C", 47.24, 47.24, 31.496, 31.496, 0],
		[3, "CN1_2", 1865.05, -2100, "T", "DIP", "$1N1654", "", "C", 47.24, 47.24, 31.496, 31.496, 0],
		[4, "CN1_2", 1865.05, -2100, "B", "DIP", "$1N1654", "", "C", 47.24, 47.24, 31.496, 31.496, 0],
		[5, "CN1_3", 1805.95, -2100, "T", "DIP", "$1N1870", "", "C", 47.24, 47.24, 31.496, 31.496, 0],
		[6, "CN1_3", 1805.95, -2100, "B", "DIP", "$1N1870", "", "C", 47.24, 47.24, 31.496, 31.496, 0],
		[7, "L1_1", 1873.66, -655.865, "T", "DIP", "$1N1975", "", "C", 59.055, 59.055, 35.434, 37.206, 180],
		[8, "L1_1", 1873.66, -655.865, "B", "DIP", "$1N1975", "", "C", 59.055, 59.055, 35.434, 37.206, 180],
		[9, "L1_2", 1956.34, -514.135, "T", "DIP", "$1N1983", "", "C", 59.055, 59.055, 35.434, 37.206, 180],
		[10, "L1_2", 1956.34, -514.135, "B", "DIP", "$1N1983", "", "C", 59.055, 59.055, 35.434, 37.206, 180],
		[11, "R2_1", 1319.37, -1870, "B", "SMD", "SDA", "", "R", 44.588, 54.213, 0, 0, 180],
		[12, "R2_2", 1240.63, -1870, "B", "SMD", "$1N1502", "", "R", 44.588, 54.213, 0, 0, 180],
		[13, "R3_1", 1269.37, -1705, "B", "SMD", "$1N1654", "", "R", 44.588, 54.213, 0, 0, 180],
		[14, "R3_2", 1190.63, -1705, "B", "SMD", "DIN", "", "R", 44.588, 54.213, 0, 0, 180],
		[15, "R4_1", 1499.37, -1690, "B", "SMD", "SCL", "", "R", 44.588, 54.213, 0, 0, 180],
		[16, "R4_2", 1420.63, -1690, "B", "SMD", "$1N1647", "", "R", 44.588, 54.213, 0, 0, 180],
		[17, "U1_1", 1766.46, -1725, "B", "SMD", "$1N1975", "", "R", 23.622, 70.866, 0, 0, 270],
		[18, "U1_2", 1766.46, -1775, "B", "SMD", "3.3", "", "R", 23.622, 70.866, 0, 0, 270],
		[19, "U1_3", 1766.46, -1825, "B", "SMD", "SCL", "", "R", 23.622, 70.866, 0, 0, 270],
		[20, "U1_4", 1766.46, -1875, "B", "SMD", "SCL", "", "R", 23.622, 70.866, 0, 0, 270],
		[21, "U1_5", 1573.54, -1875, "B", "SMD", "SDA", "", "R", 23.622, 70.866, 0, 0, 90],
		[22, "U1_6", 1573.54, -1825, "B", "SMD", "SDA", "", "R", 23.622, 70.866, 0, 0, 90],
		[23, "U1_7", 1573.54, -1775, "B", "SMD", "NET_1", "", "R", 23.622, 70.866, 0, 0, 90],
		[24, "U1_8", 1573.54, -1725, "B", "SMD", "$1N1983", "", "R", 23.622, 70.866, 0, 0, 90],
		[25, "U2_1", 1265, -960, "T", "DIP", "NET_2", "", "R", 62.992, 62.992, 35.434, 35.434, 180],
		[26, "U2_1", 1265, -960, "B", "DIP", "NET_2", "", "R", 62.992, 62.992, 35.434, 35.434, 180],
		[27, "U2_2", 1365, -960, "T", "DIP", "NET_3", "", "C", 62.992, 62.992, 35.434, 35.434, 180],
		[28, "U2_2", 1365, -960, "B", "DIP", "NET_3", "", "C", 62.992, 62.992, 35.434, 35.434, 180],
		[29, "U2_3", 1465, -960, "T", "DIP", "NET_4", "", "C", 62.992, 62.992, 35.434, 35.434, 180],
		[30, "U2_3", 1465, -960, "B", "DIP", "NET_4", "", "C", 62.992, 62.992, 35.434, 35.434, 180],
		[31, "U2_4", 1565, -960, "T", "DIP", "NET_5", "", "C", 62.992, 62.992, 35.434, 35.434, 180],
		[32, "U2_4", 1565, -960, "B", "DIP", "NET_5", "", "C", 62.992, 62.992, 35.434, 35.434, 180],
		[33, "U2_5", 1665, -960, "T", "DIP", "SCL", "", "C", 62.992, 62.992, 35.434, 35.434, 180],
		[34, "U2_5", 1665, -960, "B", "DIP", "SCL", "", "C", 62.992, 62.992, 35.434, 35.434, 180],
		[35, "U2_6", 1765, -960, "T", "DIP", "DIN", "", "C", 62.992, 62.992, 35.434, 35.434, 180],
		[36, "U2_6", 1765, -960, "B", "DIP", "DIN", "", "C", 62.992, 62.992, 35.434, 35.434, 180],
		[37, "U2_7", 1865, -960, "T", "DIP", "NET_6", "", "C", 62.992, 62.992, 35.434, 35.434, 180],
		[38, "U2_7", 1865, -960, "B", "DIP", "NET_6", "", "C", 62.992, 62.992, 35.434, 35.434, 180],
		[39, "U2_8", 1965, -960, "T", "DIP", "NET_7", "", "C", 62.992, 62.992, 35.434, 35.434, 180],
		[40, "U2_8", 1965, -960, "B", "DIP", "NET_7", "", "C", 62.992, 62.992, 35.434, 35.434, 180],
		[41, "U2_9", 2065, -960, "T", "DIP", "NET_8", "", "C", 62.992, 62.992, 35.434, 35.434, 180],
		[42, "U2_9", 2065, -960, "B", "DIP", "NET_8", "", "C", 62.992, 62.992, 35.434, 35.434, 180],
		[43, "U2_10", 2165, -960, "T", "DIP", "NET_9", "", "C", 62.992, 62.992, 35.434, 35.434, 180],
		[44, "U2_10", 2165, -960, "B", "DIP", "NET_9", "", "C", 62.992, 62.992, 35.434, 35.434, 180],
		[45, "U2_11", 2265, -960, "T", "DIP", "NET_10", "", "C", 62.992, 62.992, 35.434, 35.434, 180],
		[46, "U2_11", 2265, -960, "B", "DIP", "NET_10", "", "C", 62.992, 62.992, 35.434, 35.434, 180],
		[47, "U2_12", 2365, -960, "T", "DIP", "NET_11", "", "C", 62.992, 62.992, 35.434, 35.434, 180],
		[48, "U2_12", 2365, -960, "B", "DIP", "NET_11", "", "C", 62.992, 62.992, 35.434, 35.434, 180],
		[49, "U2_13", 2465, -960, "T", "DIP", "NET_12", "", "C", 62.992, 62.992, 35.434, 35.434, 180],
		[50, "U2_13", 2465, -960, "B", "DIP", "NET_12", "", "C", 62.992, 62.992, 35.434, 35.434, 180],
		[51, "U2_14", 2565, -960, "T", "DIP", "NET_13", "", "C", 62.992, 62.992, 35.434, 35.434, 180],
		[52, "U2_14", 2565, -960, "B", "DIP", "NET_13", "", "C", 62.992, 62.992, 35.434, 35.434, 180],
		[53, "U2_15", 2665, -960, "T", "DIP", "NET_14", "", "C", 62.992, 62.992, 35.434, 35.434, 180],
		[54, "U2_15", 2665, -960, "B", "DIP", "NET_14", "", "C", 62.992, 62.992, 35.434, 35.434, 180],
		[55, "U2_16", 2665, -1560, "T", "DIP", "NET_15", "", "C", 62.992, 62.992, 35.434, 35.434, 180],
		[56, "U2_16", 2665, -1560, "B", "DIP", "NET_15", "", "C", 62.992, 62.992, 35.434, 35.434, 180],
		[57, "U2_17", 2565, -1560, "T", "DIP", "NET_16", "", "C", 62.992, 62.992, 35.434, 35.434, 180],
		[58, "U2_17", 2565, -1560, "B", "DIP", "NET_16", "", "C", 62.992, 62.992, 35.434, 35.434, 180],
		[59, "U2_18", 2465, -1560, "T", "DIP", "NET_17", "", "C", 62.992, 62.992, 35.434, 35.434, 180],
		[60, "U2_18", 2465, -1560, "B", "DIP", "NET_17", "", "C", 62.992, 62.992, 35.434, 35.434, 180],
		[61, "U2_19", 2365, -1560, "T", "DIP", "NET_18", "", "C", 62.992, 62.992, 35.434, 35.434, 180],
		[62, "U2_19", 2365, -1560, "B", "DIP", "NET_18", "", "C", 62.992, 62.992, 35.434, 35.434, 180],
		[63, "U2_20", 2265, -1560, "T", "DIP", "NET_19", "", "C", 62.992, 62.992, 35.434, 35.434, 180],
		[64, "U2_20", 2265, -1560, "B", "DIP", "NET_19", "", "C", 62.992, 62.992, 35.434, 35.434, 180],
		[65, "U2_21", 2165, -1560, "T", "DIP", "NET_20", "", "C", 62.992, 62.992, 35.434, 35.434, 180],
		[66, "U2_21", 2165, -1560, "B", "DIP", "NET_20", "", "C", 62.992, 62.992, 35.434, 35.434, 180],
		[67, "U2_22", 2065, -1560, "T", "DIP", "NET_21", "", "C", 62.992, 62.992, 35.434, 35.434, 180],
		[68, "U2_22", 2065, -1560, "B", "DIP", "NET_21", "", "C", 62.992, 62.992, 35.434, 35.434, 180],
		[69, "U2_23", 1965, -1560, "T", "DIP", "SDA", "", "C", 62.992, 62.992, 35.434, 35.434, 180],
		[70, "U2_23", 1965, -1560, "B", "DIP", "SDA", "", "C", 62.992, 62.992, 35.434, 35.434, 180],
		[71, "U2_24", 1865, -1560, "T", "DIP", "SCL", "", "C", 62.992, 62.992, 35.434, 35.434, 180],
		[72, "U2_24", 1865, -1560, "B", "DIP", "SCL", "", "C", 62.992, 62.992, 35.434, 35.434, 180],
		[73, "U2_25", 1765, -1560, "T", "DIP", "NET_22", "", "C", 62.992, 62.992, 35.434, 35.434, 180],
		[74, "U2_25", 1765, -1560, "B", "DIP", "NET_22", "", "C", 62.992, 62.992, 35.434, 35.434, 180],
		[75, "U2_26", 1665, -1560, "T", "DIP", "NET_23", "", "C", 62.992, 62.992, 35.434, 35.434, 180],
		[76, "U2_26", 1665, -1560, "B", "DIP", "NET_23", "", "C", 62.992, 62.992, 35.434, 35.434, 180],
		[77, "U2_27", 1565, -1560, "T", "DIP", "$1N1297", "", "C", 62.992, 62.992, 35.434, 35.434, 180],
		[78, "U2_27", 1565, -1560, "B", "DIP", "$1N1297", "", "C", 62.992, 62.992, 35.434, 35.434, 180],
		[79, "U2_28", 1465, -1560, "T", "DIP", "NET_24", "", "C", 62.992, 62.992, 35.434, 35.434, 180],
		[80, "U2_28", 1465, -1560, "B", "DIP", "NET_24", "", "C", 62.992, 62.992, 35.434, 35.434, 180],
		[81, "U2_29", 1365, -1560, "T", "DIP", "NET_25", "", "C", 62.992, 62.992, 35.434, 35.434, 180],
		[82, "U2_29", 1365, -1560, "B", "DIP", "NET_25", "", "C", 62.992, 62.992, 35.434, 35.434, 180],
		[83, "U2_30", 1265, -1560, "T", "DIP", "$1N1870", "", "R", 62.992, 62.992, 35.434, 35.434, 180],
		[84, "U2_30", 1265, -1560, "B", "DIP", "$1N1870", "", "R", 62.992, 62.992, 35.434, 35.434, 180],
		[85, "U3_1", 2403.073, -1865.55, "B", "SMD", "GND", "GND", "R", 98.425, 43.307, 0, 0, 180],
		[86, "U3_2", 2403.073, -1775, "B", "SMD", "$1N1502", "", "R", 98.425, 43.307, 0, 0, 180],
		[87, "U3_3", 2403.073, -1684.45, "B", "SMD", "3.3", "", "R", 98.425, 43.307, 0, 0, 180],
		[88, "U3_4", 2636.928, -1775, "B", "SMD", "$1N1647", "", "R", 92.126, 141.732, 0, 0, 180],
		[89, "U4_1", 2085.59, -1680.5, "B", "SMD", "NET_26", "", "R", 23.622, 47.244, 0, 0, 0],
		[90, "U4_2", 2135.59, -1680.5, "B", "SMD", "NET_27", "", "R", 23.622, 47.244, 0, 0, 0],
		[91, "U4_3", 2185.59, -1680.5, "B", "SMD", "GND", "GND", "R", 23.622, 47.244, 0, 0, 0],
		[92, "U4_4", 2235.59, -1680.5, "B", "SMD", "3.3", "", "R", 23.622, 47.244, 0, 0, 0],
		[93, "U4_5", 2235.59, -1909.5, "B", "SMD", "$1N1870", "", "R", 23.622, 47.244, 0, 0, 0],
		[94, "U4_6", 2185.59, -1909.5, "B", "SMD", "NET_28", "", "R", 23.622, 47.244, 0, 0, 0],
		[95, "U4_7", 2135.59, -1909.5, "B", "SMD", "NET_29", "", "R", 23.622, 47.244, 0, 0, 0],
		[96, "U4_8", 2085.59, -1909.5, "B", "SMD", "NET_30", "", "R", 23.622, 47.244, 0, 0, 0],
		[97, "U4_9", 2160.59, -1795, "B", "SMD", "NET_31", "", "R", 129.921, 94.488, 0, 0, 180],
		[98, "U5_1", 2184.6442, -2090.4873, "T", "DIP", "GND", "GND", "R", 62.992, 62.992, 43.308, 43.308, 180],
		[99, "U5_1", 2184.6442, -2090.4873, "B", "DIP", "GND", "GND", "R", 62.992, 62.992, 43.308, 43.308, 180],
		[100, "U5_2", 2105.9042, -2090.4873, "T", "DIP", "3.3", "", "C", 62.992, 62.992, 43.308, 43.308, 180],
		[101, "U5_2", 2105.9042, -2090.4873, "B", "DIP", "3.3", "", "C", 62.992, 62.992, 43.308, 43.308, 180],
		[102, "PAD1_1", 1924.05, -2100, "T", "DIP", "GND", "GND", "C", 47.24, 47.24, 31.496, 31.496, 0],
		[103, "PAD1_1", 1924.05, -2100, "B", "DIP", "GND", "GND", "C", 47.24, 47.24, 31.496, 31.496, 0],
		[104, "PAD2_2", 1865.05, -2100, "T", "DIP", "$1N1654", "", "C", 47.24, 47.24, 31.496, 31.496, 0],
		[105, "PAD2_2", 1865.05, -2100, "B", "DIP", "$1N1654", "", "C", 47.24, 47.24, 31.496, 31.496, 0],
		[106, "PAD3_3", 1805.95, -2100, "T", "DIP", "$1N1870", "", "C", 47.24, 47.24, 31.496, 31.496, 0],
		[107, "PAD3_3", 1805.95, -2100, "B", "DIP", "$1N1870", "", "C", 47.24, 47.24, 31.496, 31.496, 0],
		[108, "PAD4_2", 1240.63, -1870, "B", "SMD", "$1N1502", "", "R", 44.588, 54.213, 0, 0, 180],
		[109, "PAD5_1", 1319.37, -1870, "B", "SMD", "SDA", "", "R", 44.588, 54.213, 0, 0, 180],
		[110, "PAD6_2", 1190.63, -1705, "B", "SMD", "DIN", "", "R", 44.588, 54.213, 0, 0, 180],
		[111, "PAD7_1", 1269.37, -1705, "B", "SMD", "$1N1654", "", "R", 44.588, 54.213, 0, 0, 180],
		[112, "PAD8_2", 1420.63, -1690, "B", "SMD", "$1N1647", "", "R", 44.588, 54.213, 0, 0, 180],
		[113, "PAD9_1", 1499.37, -1690, "B", "SMD", "SCL", "", "R", 44.588, 54.213, 0, 0, 180],
		[114, "PAD10_3", 1766.46, -1825, "B", "SMD", "SCL", "", "R", 23.622, 70.866, 0, 0, 270],
		[115, "PAD11_4", 1766.46, -1875, "B", "SMD", "SCL", "", "R", 23.622, 70.866, 0, 0, 270],
		[116, "PAD12_2", 1766.46, -1775, "B", "SMD", "3.3", "", "R", 23.622, 70.866, 0, 0, 270],
		[117, "PAD13_1", 1766.46, -1725, "B", "SMD", "$1N1975", "", "R", 23.622, 70.866, 0, 0, 270],
		[118, "PAD14_5", 1573.54, -1875, "B", "SMD", "SDA", "", "R", 23.622, 70.866, 0, 0, 90],
		[119, "PAD15_6", 1573.54, -1825, "B", "SMD", "SDA", "", "R", 23.622, 70.866, 0, 0, 90],
		[120, "PAD16_8", 1573.54, -1725, "B", "SMD", "$1N1983", "", "R", 23.622, 70.866, 0, 0, 90],
		[121, "PAD17_27", 1565, -1560, "T", "DIP", "$1N1297", "", "C", 62.992, 62.992, 35.434, 35.434, 180],
		[122, "PAD17_27", 1565, -1560, "B", "DIP", "$1N1297", "", "C", 62.992, 62.992, 35.434, 35.434, 180],
		[123, "PAD18_23", 1965, -1560, "T", "DIP", "SDA", "", "C", 62.992, 62.992, 35.434, 35.434, 180],
		[124, "PAD18_23", 1965, -1560, "B", "DIP", "SDA", "", "C", 62.992, 62.992, 35.434, 35.434, 180],
		[125, "PAD19_5", 1665, -960, "T", "DIP", "SCL", "", "C", 62.992, 62.992, 35.434, 35.434, 180],
		[126, "PAD19_5", 1665, -960, "B", "DIP", "SCL", "", "C", 62.992, 62.992, 35.434, 35.434, 180],
		[127, "PAD20_6", 1765, -960, "T", "DIP", "DIN", "", "C", 62.992, 62.992, 35.434, 35.434, 180],
		[128, "PAD20_6", 1765, -960, "B", "DIP", "DIN", "", "C", 62.992, 62.992, 35.434, 35.434, 180],
		[129, "PAD21_24", 1865, -1560, "T", "DIP", "SCL", "", "C", 62.992, 62.992, 35.434, 35.434, 180],
		[130, "PAD21_24", 1865, -1560, "B", "DIP", "SCL", "", "C", 62.992, 62.992, 35.434, 35.434, 180],
		[131, "PAD22_30", 1265, -1560, "T", "DIP", "$1N1870", "", "R", 62.992, 62.992, 35.434, 35.434, 180],
		[132, "PAD22_30", 1265, -1560, "B", "DIP", "$1N1870", "", "R", 62.992, 62.992, 35.434, 35.434, 180],
		[133, "PAD23_1", 2403.073, -1865.55, "B", "SMD", "GND", "GND", "R", 98.425, 43.307, 0, 0, 180],
		[134, "PAD24_2", 2403.073, -1775, "B", "SMD", "$1N1502", "", "R", 98.425, 43.307, 0, 0, 180],
		[135, "PAD25_3", 2403.073, -1684.45, "B", "SMD", "3.3", "", "R", 98.425, 43.307, 0, 0, 180],
		[136, "PAD26_4", 2636.928, -1775, "B", "SMD", "$1N1647", "", "R", 92.126, 141.732, 0, 0, 180],
		[137, "PAD27_3", 2185.59, -1680.5, "B", "SMD", "GND", "GND", "R", 23.622, 47.244, 0, 0, 0],
		[138, "PAD28_4", 2235.59, -1680.5, "B", "SMD", "3.3", "", "R", 23.622, 47.244, 0, 0, 0],
		[139, "PAD29_5", 2235.59, -1909.5, "B", "SMD", "$1N1870", "", "R", 23.622, 47.244, 0, 0, 0],
		[140, "PAD30_1", 1873.66, -655.865, "T", "DIP", "$1N1975", "", "C", 59.055, 59.055, 35.434, 37.206, 180],
		[141, "PAD30_1", 1873.66, -655.865, "B", "DIP", "$1N1975", "", "C", 59.055, 59.055, 35.434, 37.206, 180],
		[142, "PAD31_2", 1956.34, -514.135, "T", "DIP", "$1N1983", "", "C", 59.055, 59.055, 35.434, 37.206, 180],
		[143, "PAD31_2", 1956.34, -514.135, "B", "DIP", "$1N1983", "", "C", 59.055, 59.055, 35.434, 37.206, 180],
		[144, "PAD32_1", 2184.6442, -2090.4873, "T", "DIP", "GND", "GND", "R", 62.992, 62.992, 43.308, 43.308, 180],
		[145, "PAD32_1", 2184.6442, -2090.4873, "B", "DIP", "GND", "GND", "R", 62.992, 62.992, 43.308, 43.308, 180],
		[146, "PAD33_2", 2105.9042, -2090.4873, "T", "DIP", "3.3", "", "C", 62.992, 62.992, 43.308, 43.308, 180],
		[147, "PAD33_2", 2105.9042, -2090.4873, "B", "DIP", "3.3", "", "C", 62.992, 62.992, 43.308, 43.308, 180]
	]
}
}